code,country,name,winner,majority,turnout,electorate,winnerlast,majoritylast,turnoutlast
W07000049,Wales,"Ettrick, Roxburgh & Berwickshire",C,9338,38580,55395,,,
W07000049,Wales,"Ettrick, Roxburgh & Berwickshire",C,,,55395,C,,
W07000057,Wales,Arfon,PC,92,28208,41367,PC,3668,26837
E14000535,England,Ashfield,Lab,441,49993,78099,Lab,8820,47409
E14000607,England,Broxtowe,C,863,55508,74017,C,4287,53440
E14000619,England,Canterbury,Lab,187,56800,78137,C,9798,53465
W07000064,Wales,Ceredigion,PC,104,39767,52889,LD,3067,37416
E14000653,England,Crewe & Nantwich,Lab,48,55027,78895,C,3620,49896
E14000671,England,Dudley North,Lab,22,38910,62043,Lab,4181,37992
S14000049,Scotland,Fife North East,SNP,2,41822,58685,SNP,4344,45263
E14000735,England,Hastings & Rye,C,346,54766,78298,C,4796,50927
E14000768,England,Kensington,Lab,20,38677,60594,C,7361,34828
E14000822,England,Milton Keynes South,C,1725,64486,92494,C,8742,59019
E14000834,England,Newcastle-under-Lyme,Lab,30,43842,65540,Lab,650,42997
S14000054,Scotland,Perth & Perthshire North,SNP,21,51525,71743,SNP,9641,54200
E14000955,England,Southampton Itchen,C,31,46783,71716,C,2316,44710
S14000057,Scotland,Stirling,C,148,49356,66415,SNP,10480,52135
E14000971,England,Stockton South,Lab,888,53824,75619,C,5046,51797
W07000049,Wales,Aberavon,Lab,16761,33268,49891,Lab,10445,31523
W07000058,Wales,Aberconwy,C,635,32150,45251,C,3999,30148
S14000001,Scotland,Aberdeen North,SNP,4139,36757,62130,SNP,13396,43936
S14000002,Scotland,Aberdeen South,C,4752,44483,64964,SNP,7230,48551
S14000058,Scotland,Aberdeenshire West & Kincardine,C,7950,51625,72477,SNP,7033,55196
S14000003,Scotland,Airdrie & Shotts,SNP,195,38002,64146,SNP,8779,44286
E14000530,England,Aldershot,C,11478,48955,76205,C,14901,46191
E14000531,England,Aldridge-Brownhills,C,14307,40235,60363,C,11723,39497
E14000532,England,Altrincham & Sale West,C,6426,52790,73220,C,13290,50517
W07000043,Wales,Alyn & Deeside,Lab,5235,44760,63041,Lab,3343,41314
E14000533,England,Amber Valley,C,8300,45811,68065,C,4205,45717
S14000004,Scotland,Angus,C,2645,40192,63840,SNP,11230,44485
N06000005,Northern Ireland,Antrim East,DUP,15923,38143,62908,DUP,5795,33497
N06000012,Northern Ireland,Antrim North,DUP,20643,48460,75657,DUP,11546,41907
N06000014,Northern Ireland,Antrim South,DUP,3208,43170,68244,UUP,949,36523
S14000005,Scotland,Argyll & Bute,SNP,1328,48069,67230,SNP,8473,51883
E14000534,England,Arundel & South Downs,C,23883,60256,80766,C,26177,56477
E14000536,England,Ashford,C,17478,59879,87396,C,19296,57372
E14000537,England,Ashton Under Lyne,Lab,11295,39773,67674,Lab,10756,38918
E14000538,England,Aylesbury,C,14696,58743,82546,C,17158,55419
S14000006,Scotland,"Ayr, Carrick & Cumnock",C,2774,46222,71241,SNP,11265,52209
S14000010,Scotland,Ayrshire Central,SNP,1267,45087,68997,SNP,13589,50774
S14000048,Scotland,Ayrshire North & Arran,SNP,3633,47433,73174,SNP,13573,53869
E14000539,England,Banbury,C,12399,61562,83818,C,18395,58008
S14000007,Scotland,Banff & Buchan,C,3693,41643,67601,SNP,14339,45629
E14000540,England,Barking,Lab,21608,47679,77020,Lab,15272,43023
E14000541,England,Barnsley Central,Lab,15546,39089,64204,Lab,12435,36560
E14000542,England,Barnsley East,Lab,13283,40776,69204,Lab,12034,38517
E14000543,England,Barrow & Furness,Lab,209,47590,69474,Lab,795,43275
E14000544,England,Basildon & Billericay,C,13400,44918,69149,C,12482,43028
E14000933,England,Basildon South & Thurrock East,C,11490,47120,73541,C,7691,45593
E14000545,England,Basingstoke,C,9466,55960,81873,C,11063,53076
E14000546,England,Bassetlaw,Lab,4852,52250,78535,Lab,8843,49289
E14000547,England,Bath,LD,5694,49582,66769,C,3833,47167
E14000548,England,Batley & Spen,Lab,8961,53780,80153,Lab,6057,50479
E14000549,England,Battersea,Lab,2416,55058,77572,C,7938,51031
E14000550,England,Beaconsfield,C,24543,56028,77534,C,26311,53163
E14000551,England,Beckenham,C,15087,51630,67928,C,18471,48803
E14000552,England,Bedford,Lab,789,48480,71829,C,1097,46086
E14000813,England,Bedfordshire Mid,C,20983,63148,83800,C,23327,58060
E14000841,England,Bedfordshire North East,C,20862,64220,86988,C,25644,58672
E14000949,England,Bedfordshire South West,C,14168,55635,79670,C,17813,51304
N06000001,Northern Ireland,Belfast East,DUP,8474,42890,63495,DUP,2597,39682
N06000002,Northern Ireland,Belfast North,DUP,2081,45936,68249,DUP,5326,40593
N06000003,Northern Ireland,Belfast South,DUP,1996,43705,66105,SDLP,906,38957
N06000004,Northern Ireland,Belfast West,SF,21652,40633,62423,SF,12365,35329
E14000553,England,Bermondsey & Old Southwark,Lab,12972,58521,87227,Lab,4489,51424
E14000554,England,Berwick-upon-Tweed,C,11781,42212,58774,C,4914,40423
S14000008,Scotland,"Berwickshire, Roxburgh & Selkirk",C,11060,52367,73191,SNP,328,55038
E14000555,England,Bethnal Green & Bow,Lab,35393,59825,86071,Lab,24317,52924
E14000556,England,Beverley & Holderness,C,14042,55678,80657,C,12203,52677
E14000557,England,Bexhill & Battle,C,22165,59472,78512,C,20075,55218
E14000558,England,Bexleyheath & Crayford,C,9073,45189,65315,C,9192,43685
E14000559,England,Birkenhead,Lab,25514,43663,64484,Lab,20652,37680
E14000560,England,Birmingham Edgbaston,Lab,6917,43612,68091,Lab,2706,41293
E14000561,England,Birmingham Erdington,Lab,7285,37217,65067,Lab,5129,34684
E14000562,England,Birmingham Hall Green,Lab,33944,54310,78271,Lab,19818,47046
E14000563,England,Birmingham Hodge Hill,Lab,31026,46394,75698,Lab,23362,41039
E14000564,England,Birmingham Ladywood,Lab,28714,41307,70023,Lab,21868,35916
E14000565,England,Birmingham Northfield,Lab,4667,44348,72322,Lab,2509,42461
E14000566,England,Birmingham Perry Barr,Lab,18383,44197,70106,Lab,14828,41260
E14000567,England,Birmingham Selly Oak,Lab,15207,48985,74370,Lab,8447,45294
E14000568,England,Birmingham Yardley,Lab,16574,44502,72581,Lab,6595,41151
E14000569,England,Bishop Auckland,Lab,502,43281,67661,Lab,3508,39389
E14000570,England,Blackburn,Lab,20368,47512,70657,Lab,12760,43999
E14000571,England,Blackley & Broughton,Lab,19601,40113,71648,Lab,16874,37112
E14000572,England,Blackpool North & Cleveleys,C,2023,41007,63967,C,3340,39393
E14000573,England,Blackpool South,Lab,2523,34953,58450,Lab,2585,32436
W07000072,Wales,Blaenau Gwent,Lab,11907,32384,51227,Lab,12703,31683
E14000574,England,Blaydon,Lab,13477,48084,68459,Lab,14227,44936
E14000575,England,Blyth Valley,Lab,7915,42490,63371,Lab,9229,38461
E14000576,England,Bognor Regis & Littlehampton,C,17494,51352,75827,C,13944,47116
E14000577,England,Bolsover,Lab,5288,46519,73429,Lab,11778,43998
E14000578,England,Bolton North East,Lab,3797,45183,67233,Lab,4377,43161
E14000579,England,Bolton South East,Lab,13126,42323,68886,Lab,10928,40743
E14000580,England,Bolton West,C,936,51054,72797,C,801,48592
E14000581,England,Bootle,Lab,36200,50288,72872,Lab,28704,45152
E14000582,England,Boston & Skegness,C,16572,42879,68391,C,4336,43339
E14000583,England,Bosworth,C,18351,56168,80633,C,10988,53582
E14000584,England,Bournemouth East,C,7937,48618,74591,C,14612,44827
E14000585,England,Bournemouth West,C,7711,44507,73195,C,12410,41773
E14000586,England,Bracknell,C,16016,55892,79199,C,20650,53086
E14000587,England,Bradford East,Lab,20540,45622,70389,Lab,7084,41406
E14000588,England,Bradford South,Lab,6700,41049,67752,Lab,6450,37600
E14000589,England,Bradford West,Lab,21902,45528,67568,Lab,11420,40290
E14000590,England,Braintree,C,18422,52326,75316,C,17610,50283
W07000068,Wales,Brecon & Radnorshire,C,8038,41334,56010,C,5102,40074
E14000591,England,Brent Central,Lab,27997,52296,80845,Lab,19649,47032
E14000592,England,Brent North,Lab,17061,56444,82556,Lab,10834,52235
E14000593,England,Brentford & Isleworth,Lab,12182,61629,85151,Lab,465,57355
E14000594,England,Brentwood & Ongar,C,24002,52910,74911,C,21810,51897
W07000073,Wales,Bridgend,Lab,4700,43255,62185,Lab,1927,39453
E14000595,England,Bridgwater & Somerset West,C,15448,58267,89294,C,14583,54447
E14000596,England,Brigg & Goole,C,12363,45057,66069,C,11176,43270
E14000597,England,Brighton Kemptown,Lab,9868,49207,67893,C,690,45306
E14000598,England,Brighton Pavilion,Green,14689,57677,75486,Green,7967,54676
E14000599,England,Bristol East,Lab,13394,50799,72414,Lab,3980,46213
E14000600,England,Bristol North West,Lab,4761,54096,75431,C,4944,51805
E14000601,England,Bristol South,Lab,15987,54382,83009,Lab,7128,50842
E14000602,England,Bristol West,Lab,37336,71608,92986,Lab,5673,64218
E14000603,England,Broadland,C,15816,55971,77334,C,16838,53089
E14000604,England,Bromley & Chislehurst,C,9590,46662,65113,C,13564,44066
E14000605,England,Bromsgrove,C,16573,54040,73571,C,16529,52245
E14000606,England,Broxbourne,C,15792,47485,73502,C,16723,46024
E14000608,England,Buckingham,,25725,52679,79616,,22942,53692
E14000609,England,Burnley,Lab,6353,40290,64714,Lab,3244,39746
E14000610,England,Burton,C,10047,49911,73954,C,11252,49334
E14000611,England,Bury North,Lab,4375,47903,67587,C,378,45230
E14000612,England,Bury South,Lab,5965,50990,73723,Lab,4922,47215
E14000613,England,Bury St Edmunds,C,18441,62160,87758,C,21301,59341
W07000076,Wales,Caerphilly,Lab,12078,41297,64381,Lab,10073,40283
S14000009,Scotland,"Caithness, Sutherland & Easter Ross",LD,2044,30901,46868,SNP,3844,34186
E14000614,England,Calder Valley,C,609,58054,79045,C,4427,53541
E14000615,England,Camberwell & Peckham,Lab,37316,57412,85586,Lab,25824,51561
E14000616,England,Camborne & Redruth,C,1577,48456,67462,C,7004,45868
E14000617,England,Cambridge,Lab,12661,55934,78003,Lab,599,51774
E14000842,England,Cambridgeshire North East,C,21270,53284,84404,C,16874,51780
E14000855,England,Cambridgeshire North West,C,18008,63991,93223,C,19795,61100
E14000934,England,Cambridgeshire South,C,15952,64924,85257,C,20594,61540
E14000937,England,Cambridgeshire South East,C,16158,63002,86121,C,16837,59506
E14000618,England,Cannock Chase,C,8391,47872,74540,C,4923,47099
W07000050,Wales,Cardiff Central,Lab,17196,40367,59288,Lab,4981,38646
W07000051,Wales,Cardiff North,Lab,4174,52022,67221,C,2137,51151
W07000080,Wales,Cardiff South & Penarth,Lab,14864,50736,76499,Lab,7453,46667
W07000079,Wales,Cardiff West,Lab,12551,46629,67221,Lab,6789,43792
E14000620,England,Carlisle,C,2599,43056,62294,C,2774,42587
W07000067,Wales,Carmarthen East & Dinefwr,PC,3908,41029,55976,PC,5599,39399
W07000066,Wales,Carmarthen West & Pembrokeshire South,C,3110,42226,58548,C,6054,40350
E14000621,England,Carshalton & Wallington,LD,1369,50753,70849,LD,1510,47613
E14000622,England,Castle Point,C,18872,44710,69470,C,8934,45450
E14000625,England,Charnwood,C,16341,55176,78071,C,16931,52261
E14000626,England,Chatham & Aylesford,C,10458,44890,70419,C,11455,43073
E14000627,England,Cheadle,C,4507,54572,72780,C,6453,53095
E14000628,England,Chelmsford,C,13572,56860,81045,C,18250,53817
E14000629,England,Chelsea & Fulham,C,8188,42128,63728,C,16022,40226
E14000630,England,Cheltenham,C,2569,57012,78875,C,6516,53735
E14000631,England,Chesham & Amersham,C,22140,55252,71645,C,23920,52731
E14000640,England,"Chester, City of",Lab,9176,56421,72859,Lab,93,51161
E14000632,England,Chesterfield,Lab,9605,47927,72063,Lab,13598,45567
E14000633,England,Chichester,C,22621,59918,84996,C,24413,57139
E14000634,England,Chingford & Woodford Green,C,2438,46961,66078,C,8386,43804
E14000635,England,Chippenham,C,16630,57140,76432,C,10076,55407
E14000636,England,Chipping Barnet,C,353,55423,77020,C,7656,53013
E14000637,England,Chorley,Lab,7512,55634,76404,Lab,4530,51712
E14000638,England,Christchurch,C,25171,50633,70329,C,18224,49707
E14000639,England,Cities of London & Westminster,C,3148,38654,61533,C,9671,36185
E14000642,England,Clacton,C,15828,44145,69263,UKIP,3437,44207
E14000643,England,Cleethorpes,C,10400,47844,73047,C,7893,45089
W07000062,Wales,Clwyd South,Lab,4356,37474,54341,Lab,2402,35064
W07000059,Wales,Clwyd West,C,3437,40654,58263,C,6730,38028
S14000011,Scotland,"Coatbridge, Chryston & Bellshill",Lab,1586,45040,71198,SNP,11501,50698
E14000644,England,Colchester,C,5677,53545,79996,C,5575,48593
E14000645,England,Colne Valley,Lab,915,60420,84381,C,5378,56800
E14000646,England,Congleton,C,12619,56231,76694,C,16773,50976
E14000647,England,Copeland,C,1695,42927,61751,Lab,2564,39631
E14000648,England,Corby,C,2690,59997,82439,C,2412,56174
E14000837,England,Cornwall North,C,7200,50944,68850,C,6621,48245
E14000938,England,Cornwall South East,C,17443,53214,71896,C,16995,50498
E14000991,England,"Cotswolds, The",C,25499,59702,80446,C,21477,56667
E14000649,England,Coventry North East,Lab,15580,46508,75792,Lab,12274,42231
E14000650,England,Coventry North West,Lab,8580,49849,75214,Lab,4509,45246
E14000651,England,Coventry South,Lab,7947,47009,70754,Lab,3188,43699
E14000652,England,Crawley,C,2457,50273,73424,C,6526,48550
E14000654,England,Croydon Central,Lab,5652,57091,80045,C,165,52941
E14000655,England,Croydon North,Lab,32365,59623,87461,Lab,21364,53522
E14000656,England,Croydon South,C,11406,61257,83518,C,17140,57712
S14000012,Scotland,"Cumbernauld, Kilsyth & Kirkintilloch East",SNP,4264,43833,66554,SNP,14752,49382
W07000070,Wales,Cynon Valley,Lab,13238,31802,51332,Lab,9406,30472
E14000657,England,Dagenham & Rainham,Lab,4652,45843,70620,Lab,4980,43050
E14000658,England,Darlington,Lab,3280,44817,66341,Lab,3158,41141
E14000659,England,Dartford,C,13186,54224,78506,C,12345,52418
E14000660,England,Daventry,C,21734,55663,75335,C,21059,52518
W07000042,Wales,Delyn,Lab,4240,39418,54116,Lab,2930,37457
E14000661,England,Denton & Reddish,Lab,14077,39599,65751,Lab,10511,38681
E14000662,England,Derby North,Lab,2015,48672,69919,C,41,44745
E14000663,England,Derby South,Lab,11248,45306,69918,Lab,8828,40820
E14000664,England,Derbyshire Dales,C,14327,49571,64418,C,14044,47361
E14000814,England,Derbyshire Mid,C,11616,50371,67466,C,12774,47729
E14000843,England,Derbyshire North East,C,2861,50381,72097,Lab,1883,47948
E14000935,England,Derbyshire South,C,11970,52631,76341,C,11471,50762
E14000665,England,Devizes,C,21136,50593,72184,C,20751,49006
E14000623,England,Devon Central,C,15680,57844,74370,C,21265,54448
E14000678,England,Devon East,C,8036,60382,82382,C,12261,54717
E14000838,England,Devon North,C,4332,55705,75784,C,6936,52320
E14000950,England,Devon South West,C,15816,52857,71262,C,20109,50372
E14001000,England,Devon West & Torridge,C,20686,59480,80527,C,18403,56584
E14000666,England,Dewsbury,Lab,3321,56545,81338,Lab,1451,53630
E14000667,England,Don Valley,Lab,5169,45988,73988,Lab,8885,42486
E14000668,England,Doncaster Central,Lab,10131,43024,71716,Lab,10093,40420
E14000669,England,Doncaster North,Lab,14024,42312,72372,Lab,11780,39501
E14000815,England,Dorset Mid & Poole North,C,15339,48254,65054,C,10530,46499
E14000839,England,Dorset North,C,25777,55724,76385,C,21118,53385
E14000936,England,Dorset South,C,11695,51906,72323,C,11994,48597
E14001031,England,Dorset West,C,19091,59598,79043,C,16130,56458
E14000670,England,Dover,C,6437,51966,74564,C,6294,50224
N06000013,Northern Ireland,Down North,Ind,1208,39185,64334,Ind,9202,35947
N06000015,Northern Ireland,Down South,SF,2446,50893,75685,SDLP,5891,42697
E14000672,England,Dudley South,C,7730,38244,61323,C,4270,38210
E14000673,England,Dulwich & West Norwood,Lab,28156,56143,77947,Lab,16122,51362
S14000013,Scotland,Dumfries & Galloway,C,5643,51599,74206,SNP,6514,56602
S14000014,Scotland,"Dumfriesshire, Clydesdale & Tweeddale",C,9441,48964,67672,C,798,52134
S14000018,Scotland,Dunbartonshire East,LD,5339,51801,66300,SNP,2167,54871
S14000059,Scotland,Dunbartonshire West,SNP,2288,44083,67602,SNP,14171,51141
S14000015,Scotland,Dundee East,SNP,6645,42928,65854,SNP,19162,48185
S14000016,Scotland,Dundee West,SNP,5262,38677,62644,SNP,17092,44714
S14000017,Scotland,Dunfermline & Fife West,SNP,844,51010,75672,SNP,10352,55890
E14000840,England,Durham North,Lab,12939,43284,66970,Lab,13644,40146
E14000856,England,Durham North West,Lab,8792,47902,71982,Lab,10056,42818
E14000641,England,"Durham, City of",Lab,12364,48324,71132,Lab,11439,45669
W07000061,Wales,Dwyfor Meirionnydd,PC,4850,30348,44699,PC,5261,28913
E14000674,England,Ealing Central & Acton,Lab,13807,55342,74200,Lab,274,50894
E14000675,England,Ealing North,Lab,19693,52516,74764,Lab,12326,48510
E14000676,England,Ealing Southall,Lab,22090,45145,65188,Lab,18760,43321
E14000677,England,Easington,Lab,14892,36364,62385,Lab,14641,34624
E14000679,England,East Ham,Lab,39883,56633,83827,Lab,34252,52290
S14000019,Scotland,"East Kilbride, Strathaven & Lesmahagow",SNP,3866,54102,80442,SNP,16527,60539
S14000020,Scotland,East Lothian,Lab,3083,55878,79093,SNP,6803,59014
E14000684,England,Eastbourne,LD,1609,57420,78754,C,733,52907
E14000685,England,Eastleigh,C,14179,57280,81213,C,9147,55505
E14000686,England,Eddisbury,C,11942,51319,70272,C,12974,47352
S14000022,Scotland,Edinburgh East,SNP,3425,43523,65896,SNP,9106,47089
S14000023,Scotland,Edinburgh North & Leith,SNP,1625,56552,79473,SNP,5597,58008
S14000024,Scotland,Edinburgh South,Lab,15514,47840,64553,Lab,2637,49286
S14000025,Scotland,Edinburgh South West,SNP,1097,49390,71178,SNP,8135,51602
S14000026,Scotland,Edinburgh West,LD,2988,52795,71500,SNP,3210,54858
E14000687,England,Edmonton,Lab,21115,43678,65705,Lab,15419,41338
E14000688,England,Ellesmere Port & Neston,Lab,11390,50939,68666,Lab,6275,46727
E14000689,England,Elmet & Rothwell,C,9805,59542,80291,C,8490,57797
E14000690,England,Eltham,Lab,6296,46155,64474,Lab,2693,43157
E14000691,England,Enfield North,Lab,10247,48565,68454,Lab,1086,46137
E14000692,England,Enfield Southgate,Lab,4355,48328,65137,C,4753,45812
E14000693,England,Epping Forest,C,18243,50779,74737,C,17978,49348
E14000694,England,Epsom & Ewell,C,20475,59266,80029,C,24443,57143
E14000695,England,Erewash,C,4534,49781,72991,C,3584,48322
E14000696,England,Erith & Thamesmead,Lab,10014,44464,69724,Lab,9525,42617
E14000697,England,Esher & Walton,C,23298,59842,80938,C,28616,56976
E14000698,England,Exeter,Lab,16117,55423,77329,Lab,7183,54018
S14000028,Scotland,Falkirk,SNP,4923,53809,82240,SNP,19701,60340
E14000699,England,Fareham,C,21555,57014,79495,C,22262,54700
E14000700,England,Faversham & Kent Mid,C,17413,49749,76008,C,16652,45803
E14000701,England,Feltham & Heston,Lab,15603,53027,81707,Lab,11463,49405
N06000007,Northern Ireland,Fermanagh & South Tyrone,SF,875,53481,70601,UUP,530,50864
E14000702,England,Filton & Bradley Stoke,C,4182,50694,72569,C,9838,49101
E14000703,England,Finchley & Golders Green,C,1657,52385,73138,C,5662,50759
E14000704,England,Folkestone & Hythe,C,15411,58875,84090,C,13797,55010
E14000705,England,Forest of Dean,C,9502,51767,70898,C,10987,49520
N06000008,Northern Ireland,Foyle,SF,169,45965,70324,SDLP,6046,37002
E14000706,England,Fylde,C,11805,46467,65937,C,13224,43557
E14000707,England,Gainsborough,C,17023,51425,75893,C,15449,49261
E14000708,England,Garston & Halewood,Lab,32149,53522,75248,Lab,27146,48983
E14000709,England,Gateshead,Lab,17350,42103,65186,Lab,14784,38009
E14000710,England,Gedling,Lab,4694,51682,71221,Lab,2986,47998
E14000711,England,Gillingham & Rainham,C,9430,48868,72903,C,10530,47078
S14000029,Scotland,Glasgow Central,SNP,2267,35984,64346,SNP,7662,39318
S14000030,Scotland,Glasgow East,SNP,75,36175,66242,SNP,10387,42417
S14000031,Scotland,Glasgow North,SNP,1060,33473,53863,SNP,9295,36922
S14000032,Scotland,Glasgow North East,Lab,242,31775,59932,SNP,9222,37857
S14000033,Scotland,Glasgow North West,SNP,2561,38844,63773,SNP,10364,43854
S14000034,Scotland,Glasgow South,SNP,2027,44550,69126,SNP,12269,48778
S14000035,Scotland,Glasgow South West,SNP,60,35378,62991,SNP,9950,40921
S14000036,Scotland,Glenrothes,SNP,3267,40399,66378,SNP,13897,47598
E14000712,England,Gloucester,C,5520,54071,82963,C,7251,52575
S14000037,Scotland,Gordon,C,2607,53685,78531,SNP,8687,58161
E14000713,England,Gosport,C,17211,49481,73886,C,17098,47665
W07000046,Wales,Gower,Lab,3269,45576,62163,C,27,42758
E14000714,England,Grantham & Stamford,C,20094,56593,81762,C,18989,53755
E14000715,England,Gravesham,C,9347,48997,72948,C,8380,50149
E14000716,England,Great Grimsby,Lab,2565,35521,61743,Lab,4540,33731
E14000717,England,Great Yarmouth,C,7973,44146,71408,C,6154,44469
E14000718,England,Greenwich & Woolwich,Lab,20714,53106,77190,Lab,11946,46716
E14000719,England,Guildford,C,17040,55509,75454,C,22448,53986
E14000720,England,Hackney North & Stoke Newington,Lab,35139,56298,83955,Lab,24008,49887
E14000721,England,Hackney South & Shoreditch,Lab,37931,55354,82004,Lab,24243,47610
E14000722,England,Halesowen & Rowley Regis,C,5253,44379,68856,C,3082,43818
E14000723,England,Halifax,Lab,5376,48276,71224,Lab,428,43753
E14000724,England,Haltemprice & Howden,C,15405,51440,71520,C,16195,48757
E14000725,England,Halton,Lab,25405,49518,73457,Lab,20285,45023
E14000726,England,Hammersmith,Lab,18651,52252,72803,Lab,6518,47960
E14000680,England,Hampshire East,C,25852,55408,74148,C,25147,51649
E14000844,England,Hampshire North East,C,27772,57627,75476,C,29916,54000
E14000857,England,Hampshire North West,C,22679,58772,81430,C,23943,55195
E14000727,England,Hampstead & Kilburn,Lab,15560,58407,82957,Lab,1138,53964
E14000728,England,Harborough,C,12429,57598,78647,C,19632,52471
E14000729,England,Harlow,C,7031,44846,67697,C,8350,44251
E14000730,England,Harrogate & Knaresborough,C,18168,56740,77265,C,16371,53376
E14000731,England,Harrow East,C,1757,50845,71757,C,4757,49000
E14000732,England,Harrow West,Lab,13314,50355,69798,Lab,2208,46603
E14000733,England,Hartlepool,Lab,7650,41835,70718,Lab,3024,39490
E14000734,England,Harwich & Essex North,C,14356,51141,71294,C,15174,48432
E14000736,England,Havant,C,15956,46314,72464,C,13920,44828
E14000737,England,Hayes & Harlington,Lab,18115,47802,73268,Lab,15700,45056
E14000738,England,Hazel Grove,C,5514,44132,62684,C,6552,43219
E14000739,England,Hemel Hempstead,C,9445,52282,75011,C,14420,49633
E14000740,England,Hemsworth,Lab,10174,45944,71870,Lab,12078,42406
E14000741,England,Hendon,C,1072,52215,76329,C,3724,49630
E14000742,England,Henley,C,22294,57099,74987,C,25375,55236
E14000743,England,Hereford & Herefordshire South,C,15013,50484,71088,C,16890,47257
E14000847,England,Herefordshire North,C,21602,50177,67751,C,19996,48023
E14000744,England,Hertford & Stortford,C,19035,59992,82429,C,21509,56277
E14000845,England,Hertfordshire North East,C,16835,55580,75967,C,19080,52287
E14000951,England,Hertfordshire South West,C,19550,60653,80293,C,23263,57267
E14000745,England,Hertsmere,C,16951,52253,73554,C,18461,50091
E14000746,England,Hexham,C,9236,46224,61012,C,12031,43345
E14000747,England,Heywood & Middleton,Lab,7617,49865,79901,Lab,5299,48538
E14000748,England,High Peak,Lab,2322,53853,73254,C,4894,50789
E14000749,England,Hitchin & Harpenden,C,12031,58783,75916,C,20055,55375
E14000750,England,Holborn & St Pancras,Lab,30509,58997,88088,Lab,17048,54917
E14000751,England,Hornchurch & Upminster,C,17723,56107,80821,C,13074,55236
E14000752,England,Hornsey & Wood Green,Lab,30738,62293,79944,Lab,11058,57785
E14000753,England,Horsham,C,23484,61987,82773,C,24658,56925
E14000754,England,Houghton & Sunderland South,Lab,12341,41480,68123,Lab,12938,38489
E14000755,England,Hove,Lab,18757,57596,74236,Lab,1236,52214
E14000756,England,Huddersfield,Lab,12005,43834,67033,Lab,7345,40478
E14000771,England,Hull East,Lab,10396,36638,65959,Lab,10319,35144
E14000772,England,Hull North,Lab,14262,37102,64666,Lab,12899,35336
E14000773,England,Hull West & Hessle,Lab,8025,34565,60181,Lab,9333,31803
E14000757,England,Huntingdon,C,14475,59720,84320,C,19404,55926
E14000758,England,Hyndburn,Lab,5815,45202,73110,Lab,4400,42887
E14000759,England,Ilford North,Lab,9639,52941,72997,Lab,589,48932
E14000760,England,Ilford South,Lab,31647,57657,85358,Lab,19777,51912
S14000038,Scotland,Inverclyde,SNP,384,39093,58853,SNP,11063,44607
S14000039,Scotland,"Inverness, Nairn, Badenoch & Strathspey",SNP,4924,52801,76844,SNP,10809,57613
E14000761,England,Ipswich,Lab,831,51137,74799,C,3733,48694
E14000762,England,Isle of Wight,C,21069,74479,110697,C,13703,70300
E14000763,England,Islington North,Lab,33215,54928,74831,Lab,21194,49234
E14000764,England,Islington South & Finsbury,Lab,20263,48049,69534,Lab,12708,44270
W07000077,Wales,Islwyn,Lab,11412,36093,56256,Lab,10404,35401
E14000765,England,Jarrow,Lab,17263,43023,64828,Lab,13881,38564
E14000766,England,Keighley,Lab,249,51724,71429,C,3053,49123
E14000767,England,Kenilworth & Southam,C,18086,51311,66323,C,21002,48791
E14000769,England,Kettering,C,10562,49404,71523,C,12590,47218
S14000040,Scotland,Kilmarnock & Loudoun,SNP,6269,46509,73327,SNP,13638,53903
E14000770,England,Kingston & Surbiton,LD,4124,62178,81584,C,2834,59253
E14000774,England,Kingswood,C,7500,48741,69426,C,9006,48125
S14000041,Scotland,Kirkcaldy & Cowdenbeath,Lab,259,46193,72721,SNP,9974,52892
E14000775,England,Knowsley,Lab,42214,55483,81751,Lab,34655,50728
N06000009,Northern Ireland,Lagan Valley,DUP,19229,44926,72380,DUP,13000,39795
S14000042,Scotland,Lanark & Hamilton East,SNP,266,50470,77313,SNP,10100,55258
E14001033,England,Lancashire West,Lab,11689,54389,73258,Lab,8360,49676
E14000776,England,Lancaster & Fleetwood,Lab,6661,45989,67171,Lab,1265,41738
E14000777,England,Leeds Central,Lab,23698,47673,89537,Lab,16967,45048
E14000778,England,Leeds East,Lab,12752,41441,65950,Lab,12533,38196
E14000779,England,Leeds North East,Lab,16991,52999,70112,Lab,7250,48291
E14000780,England,Leeds North West,Lab,4224,46287,68152,LD,2907,43357
E14000781,England,Leeds West,Lab,15965,42229,67955,Lab,10727,38423
E14000782,England,Leicester East,Lab,22428,52424,77788,Lab,18352,48068
E14000783,England,Leicester South,Lab,26261,50517,75534,Lab,17865,45962
E14000784,England,Leicester West,Lab,11060,37512,64834,Lab,7203,34522
E14000858,England,Leicestershire North West,C,13286,53541,75362,C,11373,51548
E14000940,England,Leicestershire South,C,18631,56689,78985,C,16824,53926
E14000785,England,Leigh,Lab,9554,46874,76211,Lab,14096,45123
E14000786,England,Lewes,C,5508,54192,70947,C,1083,50540
E14000789,England,Lewisham Deptford,Lab,34899,55112,78472,Lab,21516,47426
E14000787,England,Lewisham East,Lab,21213,47201,68126,Lab,14333,42923
E14000788,England,Lewisham West & Penge,Lab,23162,53196,72902,Lab,12714,48125
E14000790,England,Leyton & Wanstead,Lab,22607,46173,65285,Lab,14919,40705
E14000791,England,Lichfield,C,18581,53524,74430,C,18189,51467
E14000792,England,Lincoln,Lab,1538,48718,73111,C,1443,46852
S14000043,Scotland,Linlithgow & Falkirk East,SNP,2919,56094,86186,SNP,12934,61597
E14000793,England,Liverpool Riverside,Lab,35947,48020,76332,Lab,24463,44263
E14000794,England,Liverpool Walton,Lab,32551,42197,62738,Lab,27777,38403
E14000795,England,Liverpool Wavertree,Lab,29466,43640,62411,Lab,24303,40974
E14000796,England,Liverpool West Derby,Lab,32908,45163,65164,Lab,27367,41031
S14000044,Scotland,Livingston,SNP,3878,52505,81208,SNP,16843,57547
W07000045,Wales,Llanelli,Lab,12024,40342,59434,Lab,7095,38574
N06000006,Northern Ireland,Londonderry East,DUP,8842,41030,67038,DUP,7804,34714
E14000797,England,Loughborough,C,4269,54148,79607,C,9183,52020
E14000798,England,Louth & Horncastle,C,19641,52771,79006,C,14977,50336
E14000799,England,Ludlow,C,19286,49970,68034,C,18929,48063
E14000800,England,Luton North,Lab,14364,46622,66811,Lab,9504,42571
E14000801,England,Luton South,Lab,13925,46133,67188,Lab,5711,42216
E14000802,England,Macclesfield,C,8608,54307,75228,C,14811,49598
E14000803,England,Maidenhead,C,26457,58239,76276,C,29059,53855
E14000804,England,Maidstone & The Weald,C,17704,51696,75334,C,10709,50010
E14000805,England,Makerfield,Lab,13542,46933,74259,Lab,13155,44788
E14000806,England,Maldon,C,23430,50202,66960,C,22070,48045
E14000807,England,Manchester Central,Lab,31445,49720,90261,Lab,21639,45331
E14000808,England,Manchester Gorton,Lab,31730,45953,75362,Lab,24079,42019
E14000809,England,Manchester Withington,Lab,29875,53602,74553,Lab,14873,49966
E14000810,England,Mansfield,C,1057,50157,77811,Lab,5315,47193
E14000811,England,Meon Valley,C,25692,54192,74246,C,23913,51717
E14000812,England,Meriden,C,19198,54643,81437,C,18795,52603
W07000071,Wales,Merthyr Tydfil & Rhymney,Lab,16334,33545,55463,Lab,11513,32715
E14000819,England,Middlesbrough,Lab,13873,35637,61114,Lab,12477,32706
E14000820,England,Middlesbrough South & Cleveland East,C,1020,47620,72336,Lab,2268,45677
S14000045,Scotland,Midlothian,Lab,885,45273,68328,SNP,9859,48331
E14000821,England,Milton Keynes North,C,1915,63864,89272,C,9753,57692
E14000823,England,Mitcham & Morden,Lab,21375,48118,68705,Lab,16922,45142
E14000824,England,Mole Valley,C,24137,56726,74545,C,25453,55140
W07000054,Wales,Monmouth,C,8206,49734,64909,C,10982,47462
W07000063,Wales,Montgomeryshire,C,9285,34891,50755,C,5325,33757
S14000046,Scotland,Moray,C,4159,47605,70649,SNP,9065,49280
E14000825,England,Morecambe & Lunesdale,C,1399,45657,66838,C,4590,43242
E14000826,England,Morley & Outwood,C,2104,52357,76495,C,422,48250
S14000047,Scotland,Motherwell & Wishaw,SNP,318,41926,68215,SNP,11898,48237
S14000027,Scotland,Na h-Eileanan an Iar,SNP,1007,14818,21301,SNP,4102,15938
W07000069,Wales,Neath,Lab,12631,38285,55859,Lab,9548,37135
E14000827,England,New Forest East,C,21995,51366,72602,C,19162,49447
E14000828,England,New Forest West,C,23431,49627,68787,C,20604,47410
E14000829,England,Newark,C,18149,55042,75526,C,18474,52302
E14000830,England,Newbury,C,24380,60849,82923,C,26368,57300
E14000831,England,Newcastle upon Tyne Central,Lab,14937,37094,55571,Lab,12673,35085
E14000832,England,Newcastle upon Tyne East,Lab,19261,41637,62333,Lab,12494,39222
E14000833,England,Newcastle upon Tyne North,Lab,10349,48288,66312,Lab,10153,44891
W07000055,Wales,Newport East,Lab,8003,36820,57233,Lab,4705,35108
W07000056,Wales,Newport West,Lab,5658,43438,64399,Lab,3510,40347
N06000011,Northern Ireland,Newry & Armagh,SF,12489,53579,78266,SF,4176,49877
E14000835,England,Newton Abbot,C,17160,51637,71722,C,11288,48199
E14000816,England,Norfolk Mid,C,16086,55668,80026,C,17276,52212
E14000848,England,Norfolk North,LD,3512,52188,69263,LD,4043,49414
E14000859,England,Norfolk North West,C,13788,48811,72062,C,13948,47371
E14000941,England,Norfolk South,C,16678,61111,83056,C,20493,57123
E14000952,England,Norfolk South West,C,18312,52416,77874,C,13861,50110
E14000836,England,"Normanton, Pontefract & Castleford",Lab,14499,49191,81641,Lab,15428,45897
E14000861,England,Northampton North,C,807,40378,58183,C,3245,39411
E14000862,England,Northampton South,C,1159,41034,60993,C,3793,38884
E14000942,England,Northamptonshire South,C,22840,64998,85756,C,26416,60862
E14000863,England,Norwich North,C,507,45895,66924,C,4463,43592
E14000864,England,Norwich South,Lab,15596,51359,74182,Lab,7654,48463
E14000865,England,Nottingham East,Lab,19590,39327,61762,Lab,11894,35209
E14000866,England,Nottingham North,Lab,11160,38319,66894,Lab,11860,35343
E14000867,England,Nottingham South,Lab,15162,48129,71178,Lab,6936,43465
E14000868,England,Nuneaton,C,4739,46067,69201,C,4882,45749
S14000050,Scotland,Ochil & Perthshire South,C,3359,54168,76767,SNP,10168,57871
W07000074,Wales,Ogmore,Lab,13871,37204,56661,Lab,13043,35250
E14000869,England,Old Bexley & Sidcup,C,15466,48042,66005,C,15803,46748
E14000870,England,Oldham East & Saddleworth,Lab,8182,47037,72223,Lab,6002,44483
E14000871,England,Oldham West & Royton,Lab,17198,45788,72418,Lab,14738,43137
S14000051,Scotland,Orkney & Shetland,LD,4563,23277,34164,LD,817,22728
E14000872,England,Orpington,C,19461,50461,67906,C,19979,49032
E14000873,England,Oxford East,Lab,23284,53896,78360,Lab,15280,50689
E14000874,England,Oxford West & Abingdon,LD,816,60020,79289,C,9582,57247
S14000052,Scotland,Paisley & Renfrewshire North,SNP,2613,46615,67436,SNP,9076,50462
S14000053,Scotland,Paisley & Renfrewshire South,SNP,2541,41712,61344,SNP,5684,46226
E14000875,England,Pendle,C,1279,44854,64963,C,5453,44448
E14000876,England,Penistone & Stocksbridge,Lab,1322,49787,71293,Lab,6723,46854
E14000877,England,Penrith & The Border,C,15910,46470,65139,C,19894,43921
E14000878,England,Peterborough,Lab,607,47738,71522,C,1925,47075
E14000879,England,Plymouth Moor View,C,5019,45417,69342,C,1026,42606
E14000880,England,Plymouth Sutton & Devonport,Lab,6002,44621,76584,C,523,47963
W07000075,Wales,Pontypridd,Lab,11448,39894,60566,Lab,8985,37882
E14000881,England,Poole,C,14209,49850,73811,C,15789,47393
E14000882,England,Poplar & Limehouse,Lab,27712,58814,87274,Lab,16924,51044
E14000883,England,Portsmouth North,C,9965,47210,71374,C,10537,45390
E14000884,England,Portsmouth South,Lab,1554,44566,69785,C,5241,41903
W07000065,Wales,Preseli Pembrokeshire,C,314,42197,58540,C,4969,40556
E14000885,England,Preston,Lab,15723,35597,57791,Lab,12067,33469
E14000886,England,Pudsey,C,331,53959,72622,C,4501,50927
E14000887,England,Putney,C,1554,46894,65026,C,10180,42813
E14000888,England,Rayleigh & Wickford,C,23450,55323,78556,C,17230,53220
E14000889,England,Reading East,Lab,3749,55238,75522,C,6520,50494
E14000890,England,Reading West,C,2876,51766,74518,C,6650,48404
E14000891,England,Redcar,Lab,9485,42560,66836,Lab,10388,40919
E14000892,England,Redditch,C,7363,45203,64334,C,7054,44098
E14000893,England,Reigate,C,17614,53823,74628,C,22334,51349
S14000021,Scotland,Renfrewshire East,C,4712,53738,70067,SNP,3718,56730
W07000052,Wales,Rhondda,Lab,13746,32936,50513,Lab,7455,31538
E14000894,England,Ribble Valley,C,13199,55200,77968,C,13606,52243
E14000896,England,Richmond Park,C,45,63330,80025,C,23015,59101
E14000895,England,Richmond (Yorks),C,23108,57013,80920,C,19550,53999
E14000897,England,Rochdale,Lab,14819,50044,78064,Lab,12442,45430
E14000898,England,Rochester & Strood,C,9850,53769,82702,C,7133,52516
E14000899,England,Rochford & Southend East,C,5548,47248,73501,C,9476,43608
E14000900,England,Romford,C,13778,49944,73516,C,13859,49178
E14000901,England,Romsey & Southampton North,C,18006,50168,67186,C,17712,48398
S14000055,Scotland,"Ross, Skye & Lochaber",SNP,5919,38454,53638,SNP,5124,41811
E14000902,England,Rossendale & Darwen,C,3216,50156,72495,C,5654,49024
E14000903,England,Rother Valley,Lab,3882,49488,75230,Lab,7297,47019
E14000904,England,Rotherham,Lab,11387,37923,63237,Lab,8446,37823
E14000905,England,Rugby,C,8212,51336,72175,C,10345,49006
E14000906,England,"Ruislip, Northwood & Pinner",C,13980,53382,73425,C,20224,51222
E14000907,England,Runnymede & Weybridge,C,18050,51609,74887,C,22134,50052
E14000908,England,Rushcliffe,C,8010,58311,74740,C,13829,55164
S14000056,Scotland,Rutherglen & Hamilton West,Lab,265,50872,80098,SNP,9975,57615
E14000909,England,Rutland & Melton,C,23104,57569,78463,C,21705,54603
E14000910,England,Saffron Walden,C,24966,60911,83690,C,24991,57563
E14000911,England,Salford & Eccles,Lab,19132,47619,78082,Lab,12541,43261
E14000912,England,Salisbury,C,17333,53311,72892,C,20421,50705
E14000913,England,Scarborough & Whitby,C,3435,50449,73593,C,6200,47739
E14000914,England,Scunthorpe,Lab,3431,40202,61578,Lab,3134,36941
E14000915,England,Sedgefield,Lab,6059,41591,63890,Lab,6843,38716
E14000916,England,Sefton Central,Lab,15618,52079,69019,Lab,11846,49021
E14000917,England,Selby & Ainsty,C,13772,56076,75765,C,13557,52804
E14000918,England,Sevenoaks,C,21917,51218,71061,C,19561,50124
E14000921,England,Sheffield Brightside & Hillsborough,Lab,19143,41870,70344,Lab,13807,40053
E14000919,England,Sheffield Central,Lab,27748,47877,77560,Lab,17309,44173
E14000922,England,Sheffield Hallam,Lab,2125,57020,73455,LD,2353,55481
E14000923,England,Sheffield Heeley,Lab,13828,44226,68040,Lab,12954,42048
E14000920,England,Sheffield South East,Lab,11798,43596,68945,Lab,12311,41685
E14000924,England,Sherwood,C,5198,53364,76196,C,4647,50698
E14000925,England,Shipley,C,4681,53395,73133,C,9624,50542
E14000926,England,Shrewsbury & Atcham,C,6627,58203,79043,C,9565,54102
E14000849,England,Shropshire North,C,16355,55599,80535,C,16494,52573
E14000927,England,Sittingbourne & Sheppey,C,15211,51389,81715,C,12168,49378
E14000928,England,Skipton & Ripon,C,19985,58138,78108,C,20761,54559
E14000929,England,Sleaford & North Hykeham,C,25237,65797,90925,C,24115,61944
E14000930,England,Slough,Lab,16998,54295,83272,Lab,7336,48275
E14000931,England,Solihull,C,20571,56748,77784,C,12902,54779
E14000850,England,Somerset North,C,17103,61994,80538,C,23099,58942
E14000846,England,Somerset North East,C,10235,54043,71350,C,12749,51110
E14000932,England,Somerton & Frome,C,22906,63592,84435,C,20268,60309
E14000939,England,South Holland & The Deepings,C,24897,50315,76381,C,18567,49207
E14000943,England,South Ribble,C,7421,54834,75752,C,5945,52370
E14000944,England,South Shields,Lab,14508,40772,63449,Lab,10614,36265
E14000956,England,Southampton Test,Lab,11503,46903,70194,Lab,3810,43652
E14000957,England,Southend West,C,10000,47191,67677,C,14021,44509
E14000958,England,Southport,C,2914,47956,69400,LD,1322,44101
E14000959,England,Spelthorne,C,13425,50115,72641,C,14152,49079
E14000960,England,St Albans,C,6109,56998,72811,C,12732,54433
E14000961,England,St Austell & Newquay,C,11142,54212,78618,C,8173,50361
E14000962,England,St Helens North,Lab,18406,50222,76088,Lab,17291,46256
E14000963,England,St Helens South & Whiston,Lab,24343,52886,79036,Lab,21243,48397
E14000964,England,St Ives,C,312,51226,67462,C,2469,48312
E14000965,England,Stafford,C,7729,51924,68445,C,9177,48767
E14000966,England,Staffordshire Moorlands,C,10830,44655,66009,C,10174,42587
E14000945,England,Staffordshire South,C,22733,51109,73453,C,20371,49598
E14000967,England,Stalybridge & Hyde,Lab,8084,42457,71409,Lab,6686,41034
E14000968,England,Stevenage,C,3384,49329,70765,C,4955,47799
E14000969,England,Stockport,Lab,14477,41544,63425,Lab,10061,39649
E14000970,England,Stockton North,Lab,8715,42731,66279,Lab,8367,39571
E14000972,England,Stoke-on-Trent Central,Lab,3897,33145,58196,Lab,5179,31084
E14000973,England,Stoke-on-Trent North,Lab,2359,41786,72368,Lab,4836,38654
E14000974,England,Stoke-on-Trent South,C,663,41690,66046,Lab,2539,39107
E14000975,England,Stone,C,17495,50032,67824,C,16250,47031
E14000976,England,Stourbridge,C,7654,47135,70215,C,6694,46029
N06000016,Northern Ireland,Strangford,DUP,18343,38749,64327,DUP,10185,33924
E14000977,England,Stratford-on-Avon,C,20958,52532,72609,C,22876,51459
E14000978,England,Streatham,Lab,26285,55795,78532,Lab,13934,49933
E14000979,England,Stretford & Urmston,Lab,19705,50191,71840,Lab,11685,46386
E14000980,England,Stroud,Lab,687,63816,82849,C,4866,60819
E14000624,England,Suffolk Central & Ipswich North,C,17185,56524,78116,C,20144,54089
E14000981,England,Suffolk Coastal,C,16012,58074,79366,C,18842,55594
E14000946,England,Suffolk South,C,17749,54235,75967,C,17545,51907
E14001034,England,Suffolk West,C,17063,51746,76984,C,14984,49232
E14000982,England,Sunderland Central,Lab,9997,45111,72728,Lab,11179,41762
E14000681,England,Surrey East,C,23914,59203,82004,C,22658,56103
E14000983,England,Surrey Heath,C,24943,57822,80537,C,24804,54431
E14000953,England,Surrey South West,C,21590,60432,78042,C,28556,57119
E14000817,England,Sussex Mid,C,19673,61632,83747,C,24286,57492
E14000984,England,Sutton & Cheam,C,12698,51970,70404,C,3921,49905
E14000985,England,Sutton Coldfield,C,15339,52858,75652,C,16417,50854
W07000048,Wales,Swansea East,Lab,13168,35159,58521,Lab,12028,33618
W07000047,Wales,Swansea West,Lab,10598,37282,56892,Lab,7036,35156
E14000851,England,Swindon North,C,8335,54911,80194,C,11786,52242
E14000947,England,Swindon South,C,2464,51271,72391,C,5785,49263
E14000986,England,Tamworth,C,12347,47110,71319,C,11302,47174
E14000987,England,Tatton,C,14787,49116,67874,C,18241,45298
E14000988,England,Taunton Deane,C,15887,63053,85466,C,15491,57887
E14000989,England,Telford,C,720,44686,68164,C,730,40645
E14000990,England,Tewkesbury,C,22574,59084,81442,C,21972,55344
E14000852,England,Thanet North,C,10738,48325,72657,C,10948,47053
E14000948,England,Thanet South,C,6387,49753,72342,C,2812,49401
E14000993,England,Thirsk & Malton,C,19001,55929,78670,C,19456,52365
E14000994,England,Thornbury & Yate,C,12071,50690,67927,C,1495,48570
E14000995,England,Thurrock,C,345,50325,78153,C,536,49564
E14000996,England,Tiverton & Honiton,C,19801,57815,80731,C,20173,53763
E14000997,England,Tonbridge & Malling,C,23508,56907,77234,C,23734,53670
E14000998,England,Tooting,Lab,15458,58171,77960,Lab,2842,53529
E14000999,England,Torbay,C,14283,51174,75936,C,3286,48079
W07000053,Wales,Torfaen,Lab,10240,38429,61839,Lab,8169,37937
E14001001,England,Totnes,C,13477,50270,68913,C,18285,47097
E14001002,England,Tottenham,Lab,34584,49339,72883,Lab,23564,42558
E14001003,England,Truro & Falmouth,C,3792,56647,74691,C,14000,51544
E14001004,England,Tunbridge Wells,C,16465,54209,75138,C,22874,51428
E14001005,England,Twickenham,LD,9762,66290,83362,C,2017,62004
E14001006,England,Tynemouth,Lab,11666,56858,77434,Lab,8240,53495
E14000853,England,Tyneside North,Lab,19284,51892,78914,Lab,17194,46818
N06000018,Northern Ireland,Tyrone West,SF,10342,43486,64009,SF,10060,38654
N06000010,Northern Ireland,Ulster Mid,SF,12890,46694,68485,SF,13617,40922
N06000017,Northern Ireland,Upper Bann,DUP,7992,51258,80168,DUP,2264,47219
E14001007,England,Uxbridge & Ruislip South,C,5034,46694,69938,C,10695,44811
W07000060,Wales,Vale of Clwyd,Lab,2379,38684,56890,C,237,35261
W07000078,Wales,Vale of Glamorgan,C,2190,53718,73958,C,6880,51293
E14001008,England,Vauxhall,Lab,20250,55042,81907,Lab,12708,47941
E14001009,England,Wakefield,Lab,2176,46284,70340,Lab,2613,42973
E14001010,England,Wallasey,Lab,23320,48353,67454,Lab,16348,43366
E14001011,England,Walsall North,C,2601,38118,67309,Lab,1937,36883
E14001012,England,Walsall South,Lab,8892,44072,67417,Lab,6007,41838
E14001013,England,Walthamstow,Lab,32017,48143,68144,Lab,23195,41796
E14001014,England,Wansbeck,Lab,10435,42454,62099,Lab,10881,38528
E14001015,England,Wantage,C,17380,63602,87735,C,21749,58320
E14001016,England,Warley,Lab,16483,40206,63724,Lab,14702,37829
E14001017,England,Warrington North,Lab,9582,48517,72015,Lab,8923,45419
E14001018,England,Warrington South,Lab,2549,61995,85755,C,2750,59353
E14001019,England,Warwick & Leamington,Lab,1206,54055,74237,C,6606,50581
E14000854,England,Warwickshire North,C,8510,47178,72277,C,2973,47377
E14001020,England,Washington & Sunderland West,Lab,12940,40574,67280,Lab,13157,37257
E14001021,England,Watford,C,2092,58610,86507,C,9794,56149
E14001022,England,Waveney,C,9215,52674,80784,C,2408,52196
E14001023,England,Wealden,C,23628,60464,81425,C,22967,57017
E14001024,England,Weaver Vale,Lab,3928,50613,69016,C,806,46867
E14001025,England,Wellingborough,C,12460,53240,79258,C,16397,50430
E14001026,England,Wells,C,7582,60843,82449,C,7585,56904
E14001027,England,Welwyn Hatfield,C,7369,51669,72888,C,12153,50205
E14001028,England,Wentworth & Dearne,Lab,14803,43947,74890,Lab,13838,43189
E14001029,England,West Bromwich East,Lab,7713,39098,63833,Lab,9470,37492
E14001030,England,West Bromwich West,Lab,4460,36094,65956,Lab,7742,35026
E14001032,England,West Ham,Lab,36754,60708,92243,Lab,27986,52793
E14001036,England,Westminster North,Lab,11512,43295,63846,Lab,1977,39514
E14001037,England,Westmorland & Lonsdale,LD,777,51687,66391,LD,8949,48929
E14001038,England,Weston-Super-Mare,C,11544,56415,82160,C,15609,52552
E14001039,England,Wigan,Lab,16027,47542,75359,Lab,14236,45293
E14000860,England,Wiltshire North,C,22877,53706,71408,C,21046,50556
E14000954,England,Wiltshire South West,C,18326,54751,76898,C,18168,51643
E14001040,England,Wimbledon,C,5622,51526,66771,C,12619,48422
E14001041,England,Winchester,C,9999,57156,72497,C,16914,55316
E14001042,England,Windsor,C,22384,53921,73595,C,25083,50160
E14001043,England,Wirral South,Lab,8323,45195,57670,Lab,4599,41837
E14001044,England,Wirral West,Lab,5365,43951,55995,Lab,417,41858
E14001045,England,Witham,C,18646,49241,69137,C,19554,47168
E14001046,England,Witney,C,21241,60927,82727,C,25155,58482
E14001047,England,Woking,C,16724,55246,76167,C,20810,51964
E14001048,England,Wokingham,C,18798,59690,79879,C,24197,55999
E14001049,England,Wolverhampton North East,Lab,4587,36508,60799,Lab,5495,34003
E14001050,England,Wolverhampton South East,Lab,8514,36304,69951,Lab,10778,34764
E14001051,England,Wolverhampton South West,Lab,2185,42346,60003,Lab,801,40209
E14001052,England,Worcester,C,2508,51423,72815,C,5646,49723
E14000818,England,Worcestershire Mid,C,23326,55089,76065,C,20532,52225
E14001035,England,Worcestershire West,C,21328,56471,74385,C,22578,54100
E14001053,England,Workington,Lab,3925,41676,60256,Lab,4686,38463
E14001054,England,Worsley & Eccles South,Lab,8379,45642,73692,Lab,5946,42048
E14000682,England,Worthing East & Shoreham,C,5106,53117,75543,C,14949,49898
E14001055,England,Worthing West,C,12090,54503,77777,C,16855,50763
E14000992,England,"Wrekin, The",C,9564,49523,68642,C,10743,45437
W07000044,Wales,Wrexham,Lab,1832,35092,50422,Lab,1831,32719
E14001056,England,Wycombe,C,6578,53493,77089,C,14856,51439
E14001057,England,Wyre & Preston North,C,12246,52646,72319,C,14151,49893
E14001058,England,Wyre Forest,C,13334,51129,77734,C,12871,49440
E14001059,England,Wythenshawe & Sale East,Lab,14944,45846,76361,Lab,10569,43263
E14001060,England,Yeovil,C,14723,59404,82911,C,5313,56933
W07000041,Wales,Ynys Mon,Lab,5259,37367,52448,Lab,229,34926
E14001061,England,York Central,Lab,18575,53088,77315,Lab,6716,47677
E14001062,England,York Outer,C,8289,57427,75856,C,13129,53903
E14000683,England,Yorkshire East,C,15006,53956,81065,C,14933,49991